House,Platform,Zone2,tokenId
Crimson Boulevard,Desert,Ice Pool,0
Monke Outpost,Light Grass,Athena's Fountain,1
Banana Breeze Pavilion,Dark Grass,Angel Statue,2
Banana Breeze Pavilion,Dark Grass,Candy River,3
Tavern,Light Grass,Ice Pool,4
Tavern,Dark hill,Mystic Bridge,5
Mystic Mirage Cottage,Frosty Land,Mystic Bridge,6
Haunting Jungle Haven,Dark Grass,Angel Statue,7
Banana Bastions,Light Grass,Athena's Fountain,8
Banana Breeze Pavilion,Frosty Land,Tropical Fall,9
Monke Outpost,Dark hill,Bastion Garden,10
Creative Quarters,Light Hill,Athena's Fountain,11
Tavern,Light Hill,Ice Pool,12
Banana Breeze Pavilion,Desert,Groovy Waterfall,13
Haunting Jungle Haven,Light Hill,Athena's Fountain,14
Foliage Haven,Desert,Ice Pool,15
Banana Breeze Pavilion,Light Grass,Angel Statue,16
Crimson Boulevard,Frosty Land,Zen Garden,17
Batwing Keep,Light Hill,Crystal North Pole,18
Monke Outpost,Dream Land,Desert Las Bananas,19
Athena's Grove,Light Hill,Bastion Garden,20
Frostglow Avenue,Desert,Candy River,21
Mystic Mirage Cottage,Frosty Land,Candy River,22
Candyland Lane,Desert,Mystic Bridge,23
Foliage Haven,Desert,Candy River,24
Frostglow Avenue,Frosty Land,Tropical Fall,25
Frostglow Avenue,Frosty Land,Monke Rover,26
Crimson Boulevard,Dream Land,Cemetery,27
Banana Breeze Pavilion,Frosty Land,Zen Garden,28
Creative Quarters,Desert,Zen Garden,29
Blue Crimson Boulevard,Light Hill,Ice Pool,30
Blue Crimson Boulevard,Dark Grass,Zen Garden,31
Frostglow Avenue,Light Hill,Ice Pool,32
Monke Outpost,Light Grass,Las Bananas,33
Haunting Jungle Haven,Frosty Land,Crystal North Pole,34
Tavern,Desert,Bastion Garden,35
Crimson Boulevard,Dream Land,Las Bananas,36
Foliage Haven,Light Hill,Groovy Waterfall,37
Banana Breeze Pavilion,Light Grass,Desert Las Bananas,38
Batwing Keep,Desert,Las Bananas,39
Crimson Boulevard,Dream Land,Zen Garden,40
Tavern,Dark hill,Athena's Fountain,41
Frostglow Avenue,Dark Grass,Desert Las Bananas,42
Frostglow Avenue,Dark hill,Cemetery,43
Candyland Lane,Dark Grass,Athena's Fountain,44
Mystic Mirage Cottage,Dark hill,Mystic Bridge,45
Candyland Lane,Frosty Land,Monke Rover,46
Monke Outpost,Light Hill,Angel Statue,47
Foliage Haven,Dream Land,Athena's Fountain,48
Blue Crimson Boulevard,Light Grass,Tropical Fall,49
Haunting Jungle Haven,Dream Land,Crystal North Pole,50
Candyland Lane,Dark Grass,Monke Rover,51
Tavern,Desert,Mystic Bridge,52
Foliage Haven,Light Hill,Athena's Fountain,53
Foliage Haven,Light Grass,Angel Statue,54
Banana Breeze Pavilion,Light Grass,Athena's Fountain,55
Banana Bastions,Dark hill,Groovy Waterfall,56
Foliage Haven,Dream Land,Zen Garden,57
Tavern,Dark Grass,Ice Pool,58
Tavern,Desert,Monke Rover,59
Batwing Keep,Dark Grass,Bastion Garden,60
Haunting Jungle Haven,Light Grass,Groovy Waterfall,61
Blue Crimson Boulevard,Dream Land,Mystic Bridge,62
Monke Outpost,Dream Land,Bastion Garden,63
Frostglow Avenue,Dark hill,Las Bananas,64
Haunting Jungle Haven,Light Grass,Zen Garden,65
Frostglow Avenue,Dark hill,Monke Rover,66
Creative Quarters,Frosty Land,Las Bananas,67
Mystic Mirage Cottage,Light Grass,Desert Las Bananas,68
Crimson Boulevard,Dream Land,Bastion Garden,69
Haunting Jungle Haven,Light Hill,Monke Rover,70
Banana Breeze Pavilion,Light Hill,Groovy Waterfall,71
Foliage Haven,Dark Grass,Desert Las Bananas,72
Batwing Keep,Dark Grass,Cemetery,73
Banana Breeze Pavilion,Dream Land,Angel Statue,74
Monke Outpost,Dream Land,Groovy Waterfall,75
Crimson Boulevard,Dream Land,Groovy Waterfall,76
Batwing Keep,Frosty Land,Zen Garden,77
Haunting Jungle Haven,Dark Grass,Groovy Waterfall,78
Banana Bastions,Frosty Land,Zen Garden,79
Haunting Jungle Haven,Dream Land,Athena's Fountain,80
Blue Crimson Boulevard,Dark hill,Las Bananas,81
Banana Bastions,Frosty Land,Candy River,82
Frostglow Avenue,Light Grass,Athena's Fountain,83
Candyland Lane,Light Hill,Bastion Garden,84
Banana Breeze Pavilion,Frosty Land,Angel Statue,85
Athena's Grove,Dark hill,Crystal North Pole,86
Creative Quarters,Dark hill,Zen Garden,87
Monke Outpost,Desert,Groovy Waterfall,88
Mystic Mirage Cottage,Dark Grass,Desert Las Bananas,89
Foliage Haven,Desert,Bastion Garden,90
Banana Bastions,Dark hill,Athena's Fountain,91
Tavern,Frosty Land,Cemetery,92
Frostglow Avenue,Light Grass,Monke Rover,93
Crimson Boulevard,Dark hill,Desert Las Bananas,94
Haunting Jungle Haven,Dark hill,Candy River,95
Foliage Haven,Light Hill,Cemetery,96
Banana Bastions,Light Hill,Groovy Waterfall,97
Creative Quarters,Frosty Land,Crystal North Pole,98
Tavern,Desert,Angel Statue,99
Foliage Haven,Light Grass,Cemetery,100
Batwing Keep,Dark hill,Mystic Bridge,101
Monke Outpost,Frosty Land,Zen Garden,102
Frostglow Avenue,Frosty Land,Las Bananas,103
Blue Crimson Boulevard,Desert,Bastion Garden,104
Banana Bastions,Dark hill,Ice Pool,105
Banana Bastions,Dream Land,Crystal North Pole,106
Frostglow Avenue,Desert,Monke Rover,107
Foliage Haven,Dark Grass,Candy River,108
Creative Quarters,Dark hill,Athena's Fountain,109
Mystic Mirage Cottage,Dark hill,Desert Las Bananas,110
Crimson Boulevard,Light Grass,Desert Las Bananas,111
Tavern,Dark Grass,Tropical Fall,112
Banana Breeze Pavilion,Desert,Desert Las Bananas,113
Haunting Jungle Haven,Light Hill,Crystal North Pole,114
Batwing Keep,Dream Land,Angel Statue,115
Batwing Keep,Desert,Crystal North Pole,116
Blue Crimson Boulevard,Light Hill,Bastion Garden,117
Athena's Grove,Dream Land,Desert Las Bananas,118
Banana Bastions,Desert,Tropical Fall,119
Athena's Grove,Desert,Zen Garden,120
Monke Outpost,Frosty Land,Bastion Garden,121
Candyland Lane,Dream Land,Zen Garden,122
Batwing Keep,Dark hill,Angel Statue,123
Candyland Lane,Light Grass,Athena's Fountain,124
Athena's Grove,Dream Land,Candy River,125
Haunting Jungle Haven,Light Grass,Monke Rover,126
Banana Breeze Pavilion,Desert,Monke Rover,127
Monke Outpost,Dark Grass,Monke Rover,128
Banana Breeze Pavilion,Dark hill,Las Bananas,129
Tavern,Light Grass,Tropical Fall,130
Frostglow Avenue,Desert,Crystal North Pole,131
Blue Crimson Boulevard,Frosty Land,Angel Statue,132
Banana Bastions,Dark Grass,Crystal North Pole,133
Banana Breeze Pavilion,Dark Grass,Athena's Fountain,134
Mystic Mirage Cottage,Dream Land,Crystal North Pole,135
Frostglow Avenue,Desert,Cemetery,136
Banana Breeze Pavilion,Light Grass,Mystic Bridge,137
Tavern,Frosty Land,Mystic Bridge,138
Frostglow Avenue,Dark Grass,Ice Pool,139
Banana Breeze Pavilion,Light Grass,Bastion Garden,140
Candyland Lane,Dark Grass,Desert Las Bananas,141
Foliage Haven,Light Hill,Tropical Fall,142
Monke Outpost,Frosty Land,Desert Las Bananas,143
Tavern,Frosty Land,Bastion Garden,144
Crimson Boulevard,Frosty Land,Candy River,145
Creative Quarters,Light Hill,Cemetery,146
Batwing Keep,Frosty Land,Mystic Bridge,147
Crimson Boulevard,Dark Grass,Zen Garden,148
Banana Breeze Pavilion,Desert,Bastion Garden,149
Creative Quarters,Light Grass,Desert Las Bananas,150
Haunting Jungle Haven,Dark Grass,Zen Garden,151
Athena's Grove,Light Hill,Groovy Waterfall,152
Tavern,Dark Grass,Mystic Bridge,153
Batwing Keep,Dark hill,Crystal North Pole,154
Monke Outpost,Dark Grass,Mystic Bridge,155
Haunting Jungle Haven,Desert,Candy River,156
Banana Bastions,Dream Land,Mystic Bridge,157
Banana Bastions,Desert,Desert Las Bananas,158
Tavern,Dark Grass,Athena's Fountain,159
Frostglow Avenue,Dark Grass,Athena's Fountain,160
Banana Breeze Pavilion,Light Grass,Groovy Waterfall,161
Blue Crimson Boulevard,Frosty Land,Tropical Fall,162
Athena's Grove,Frosty Land,Desert Las Bananas,163
Candyland Lane,Light Hill,Groovy Waterfall,164
Mystic Mirage Cottage,Desert,Monke Rover,165
Monke Outpost,Dream Land,Cemetery,166
Mystic Mirage Cottage,Light Hill,Las Bananas,167
Batwing Keep,Desert,Ice Pool,168
Haunting Jungle Haven,Dream Land,Monke Rover,169
Banana Bastions,Light Hill,Monke Rover,170
Candyland Lane,Desert,Candy River,171
Athena's Grove,Dark hill,Desert Las Bananas,172
Athena's Grove,Light Grass,Cemetery,173
Monke Outpost,Dark hill,Candy River,174
Banana Bastions,Light Grass,Bastion Garden,175
Banana Breeze Pavilion,Dark hill,Monke Rover,176
Tavern,Light Grass,Cemetery,177
Blue Crimson Boulevard,Dark hill,Groovy Waterfall,178
Mystic Mirage Cottage,Light Grass,Groovy Waterfall,179
Haunting Jungle Haven,Dark hill,Tropical Fall,180
Crimson Boulevard,Frosty Land,Bastion Garden,181
Foliage Haven,Dark Grass,Las Bananas,182
Candyland Lane,Desert,Athena's Fountain,183
Candyland Lane,Desert,Desert Las Bananas,184
Creative Quarters,Dream Land,Angel Statue,185
Blue Crimson Boulevard,Dream Land,Angel Statue,186
Frostglow Avenue,Desert,Las Bananas,187
Banana Bastions,Light Hill,Athena's Fountain,188
Creative Quarters,Dream Land,Athena's Fountain,189
Crimson Boulevard,Light Hill,Athena's Fountain,190
Batwing Keep,Dream Land,Mystic Bridge,191
Banana Bastions,Dark Grass,Zen Garden,192
Candyland Lane,Frosty Land,Mystic Bridge,193
Monke Outpost,Light Hill,Bastion Garden,194
Blue Crimson Boulevard,Dream Land,Athena's Fountain,195
Batwing Keep,Dark hill,Groovy Waterfall,196
Athena's Grove,Dark Grass,Cemetery,197
Haunting Jungle Haven,Dark hill,Zen Garden,198
Crimson Boulevard,Light Grass,Athena's Fountain,199
Mystic Mirage Cottage,Dark Grass,Tropical Fall,200
Haunting Jungle Haven,Dream Land,Groovy Waterfall,201
Banana Bastions,Frosty Land,Las Bananas,202
Monke Outpost,Dark Grass,Groovy Waterfall,203
Mystic Mirage Cottage,Light Grass,Angel Statue,204
Haunting Jungle Haven,Light Hill,Cemetery,205
Tavern,Dark Grass,Angel Statue,206
Foliage Haven,Frosty Land,Angel Statue,207
Athena's Grove,Light Hill,Athena's Fountain,208
Creative Quarters,Dark Grass,Ice Pool,209
Candyland Lane,Dream Land,Candy River,210
Monke Outpost,Dark hill,Tropical Fall,211
Banana Breeze Pavilion,Desert,Cemetery,212
Banana Bastions,Dark Grass,Angel Statue,213
Blue Crimson Boulevard,Desert,Cemetery,214
Monke Outpost,Dark Grass,Ice Pool,215
Monke Outpost,Light Grass,Bastion Garden,216
Tavern,Light Hill,Groovy Waterfall,217
Foliage Haven,Dream Land,Las Bananas,218
Blue Crimson Boulevard,Dream Land,Desert Las Bananas,219
Tavern,Dream Land,Zen Garden,220
Banana Breeze Pavilion,Light Grass,Cemetery,221
Athena's Grove,Dark hill,Zen Garden,222
Candyland Lane,Dark hill,Las Bananas,223
Creative Quarters,Light Hill,Zen Garden,224
Foliage Haven,Desert,Groovy Waterfall,225
Blue Crimson Boulevard,Desert,Angel Statue,226
Foliage Haven,Dark hill,Mystic Bridge,227
Foliage Haven,Dream Land,Desert Las Bananas,228
Crimson Boulevard,Dark Grass,Athena's Fountain,229
Batwing Keep,Light Hill,Ice Pool,230
Blue Crimson Boulevard,Desert,Zen Garden,231
Batwing Keep,Dream Land,Crystal North Pole,232
Frostglow Avenue,Dark hill,Bastion Garden,233
Monke Outpost,Dark hill,Cemetery,234
Haunting Jungle Haven,Dark hill,Cemetery,235
Banana Breeze Pavilion,Dark hill,Cemetery,236
Mystic Mirage Cottage,Light Grass,Tropical Fall,237
Candyland Lane,Frosty Land,Tropical Fall,238
Candyland Lane,Light Hill,Mystic Bridge,239
Candyland Lane,Dream Land,Mystic Bridge,240
Batwing Keep,Light Hill,Angel Statue,241
Banana Breeze Pavilion,Light Grass,Tropical Fall,242
Creative Quarters,Dark hill,Tropical Fall,243
Blue Crimson Boulevard,Desert,Mystic Bridge,244
Athena's Grove,Light Hill,Candy River,245
Batwing Keep,Light Grass,Angel Statue,246
Foliage Haven,Light Hill,Desert Las Bananas,247
Monke Outpost,Dream Land,Las Bananas,248
Creative Quarters,Light Hill,Ice Pool,249
Foliage Haven,Dark Grass,Ice Pool,250
Haunting Jungle Haven,Frosty Land,Ice Pool,251
Banana Bastions,Light Grass,Candy River,252
Candyland Lane,Frosty Land,Zen Garden,253
Creative Quarters,Dream Land,Crystal North Pole,254
Foliage Haven,Desert,Cemetery,255
Tavern,Dark Grass,Cemetery,256
Banana Bastions,Frosty Land,Ice Pool,257
Batwing Keep,Frosty Land,Bastion Garden,258
Crimson Boulevard,Frosty Land,Cemetery,259
Frostglow Avenue,Desert,Angel Statue,260
Banana Breeze Pavilion,Light Hill,Athena's Fountain,261
Haunting Jungle Haven,Dream Land,Zen Garden,262
Foliage Haven,Dream Land,Cemetery,263
Athena's Grove,Dark hill,Monke Rover,264
Crimson Boulevard,Dream Land,Desert Las Bananas,265
Mystic Mirage Cottage,Desert,Las Bananas,266
Batwing Keep,Light Hill,Candy River,267
Blue Crimson Boulevard,Dark hill,Athena's Fountain,268
Frostglow Avenue,Dark Grass,Groovy Waterfall,269
Frostglow Avenue,Dark hill,Candy River,270
Athena's Grove,Dark hill,Groovy Waterfall,271
Mystic Mirage Cottage,Dark hill,Angel Statue,272
Haunting Jungle Haven,Dream Land,Angel Statue,273
Frostglow Avenue,Light Grass,Groovy Waterfall,274
Haunting Jungle Haven,Dark hill,Ice Pool,275
Tavern,Dream Land,Groovy Waterfall,276
Tavern,Light Grass,Bastion Garden,277
Blue Crimson Boulevard,Frosty Land,Candy River,278
Frostglow Avenue,Frosty Land,Cemetery,279
Mystic Mirage Cottage,Light Hill,Zen Garden,280
Monke Outpost,Desert,Las Bananas,281
Banana Breeze Pavilion,Light Grass,Las Bananas,282
Crimson Boulevard,Frosty Land,Desert Las Bananas,283
Tavern,Dark hill,Ice Pool,284
Batwing Keep,Frosty Land,Desert Las Bananas,285
Crimson Boulevard,Desert,Las Bananas,286
Mystic Mirage Cottage,Light Hill,Candy River,287
Creative Quarters,Desert,Athena's Fountain,288
Candyland Lane,Dream Land,Crystal North Pole,289
Batwing Keep,Desert,Zen Garden,290
Haunting Jungle Haven,Light Hill,Mystic Bridge,291
Banana Breeze Pavilion,Desert,Athena's Fountain,292
Crimson Boulevard,Light Hill,Ice Pool,293
Mystic Mirage Cottage,Light Hill,Mystic Bridge,294
Banana Bastions,Desert,Groovy Waterfall,295
Monke Outpost,Desert,Cemetery,296
Mystic Mirage Cottage,Light Hill,Desert Las Bananas,297
Tavern,Desert,Candy River,298
Haunting Jungle Haven,Frosty Land,Mystic Bridge,299
Banana Bastions,Dream Land,Zen Garden,300
Athena's Grove,Frosty Land,Tropical Fall,301
Mystic Mirage Cottage,Dark Grass,Las Bananas,302
Tavern,Dark Grass,Monke Rover,303
Candyland Lane,Dark Grass,Groovy Waterfall,304
Tavern,Light Grass,Zen Garden,305
Crimson Boulevard,Dream Land,Monke Rover,306
Athena's Grove,Dark Grass,Las Bananas,307
Tavern,Dark hill,Groovy Waterfall,308
Creative Quarters,Light Grass,Zen Garden,309
Haunting Jungle Haven,Dark Grass,Mystic Bridge,310
Batwing Keep,Frosty Land,Angel Statue,311
Candyland Lane,Light Grass,Cemetery,312
Candyland Lane,Frosty Land,Groovy Waterfall,313
Tavern,Light Hill,Zen Garden,314
Batwing Keep,Dark Grass,Groovy Waterfall,315
Candyland Lane,Light Hill,Desert Las Bananas,316
Athena's Grove,Light Hill,Zen Garden,317
Mystic Mirage Cottage,Desert,Desert Las Bananas,318
Crimson Boulevard,Dark hill,Athena's Fountain,319
Batwing Keep,Frosty Land,Candy River,320
Monke Outpost,Dark Grass,Angel Statue,321
Batwing Keep,Light Hill,Desert Las Bananas,322
Haunting Jungle Haven,Dark Grass,Desert Las Bananas,323
Athena's Grove,Light Grass,Ice Pool,324
Athena's Grove,Desert,Groovy Waterfall,325
Haunting Jungle Haven,Desert,Tropical Fall,326
Monke Outpost,Dark Grass,Cemetery,327
Candyland Lane,Light Hill,Candy River,328
Blue Crimson Boulevard,Light Grass,Desert Las Bananas,329
Monke Outpost,Dark hill,Las Bananas,330
Athena's Grove,Dark Grass,Desert Las Bananas,331
Frostglow Avenue,Dark hill,Ice Pool,332
Crimson Boulevard,Dark Grass,Groovy Waterfall,333
Haunting Jungle Haven,Light Hill,Tropical Fall,334
Mystic Mirage Cottage,Light Hill,Athena's Fountain,335
Frostglow Avenue,Dream Land,Groovy Waterfall,336
Monke Outpost,Light Grass,Desert Las Bananas,337
Creative Quarters,Dark hill,Cemetery,338
Candyland Lane,Light Grass,Tropical Fall,339
Creative Quarters,Dark hill,Crystal North Pole,340
Foliage Haven,Light Grass,Tropical Fall,341
Crimson Boulevard,Dark hill,Crystal North Pole,342
Banana Bastions,Dream Land,Las Bananas,343
Batwing Keep,Desert,Groovy Waterfall,344
Athena's Grove,Light Grass,Crystal North Pole,345
Crimson Boulevard,Dark hill,Las Bananas,346
Mystic Mirage Cottage,Dark hill,Ice Pool,347
Mystic Mirage Cottage,Dark hill,Cemetery,348
Batwing Keep,Light Grass,Ice Pool,349
Banana Bastions,Dark Grass,Mystic Bridge,350
Tavern,Desert,Athena's Fountain,351
Crimson Boulevard,Dark Grass,Crystal North Pole,352
Crimson Boulevard,Dark Grass,Cemetery,353
Crimson Boulevard,Light Grass,Bastion Garden,354
Blue Crimson Boulevard,Dream Land,Monke Rover,355
Foliage Haven,Desert,Crystal North Pole,356
Frostglow Avenue,Dark hill,Angel Statue,357
Candyland Lane,Dream Land,Cemetery,358
Banana Breeze Pavilion,Dark hill,Angel Statue,359
Mystic Mirage Cottage,Frosty Land,Crystal North Pole,360
Blue Crimson Boulevard,Dark hill,Bastion Garden,361
Mystic Mirage Cottage,Light Hill,Groovy Waterfall,362
Mystic Mirage Cottage,Dark Grass,Groovy Waterfall,363
Batwing Keep,Frosty Land,Ice Pool,364
Banana Bastions,Dark Grass,Las Bananas,365
Banana Bastions,Light Grass,Zen Garden,366
Frostglow Avenue,Dream Land,Las Bananas,367
Monke Outpost,Light Grass,Monke Rover,368
Foliage Haven,Light Grass,Ice Pool,369
Batwing Keep,Dark hill,Cemetery,370
Athena's Grove,Dream Land,Groovy Waterfall,371
Monke Outpost,Dream Land,Mystic Bridge,372
Banana Breeze Pavilion,Light Hill,Monke Rover,373
Athena's Grove,Frosty Land,Cemetery,374
Monke Outpost,Dark hill,Monke Rover,375
Candyland Lane,Light Hill,Zen Garden,376
Candyland Lane,Light Grass,Angel Statue,377
Mystic Mirage Cottage,Frosty Land,Monke Rover,378
Mystic Mirage Cottage,Dream Land,Bastion Garden,379
Monke Outpost,Frosty Land,Mystic Bridge,380
Banana Breeze Pavilion,Dark hill,Ice Pool,381
Tavern,Light Grass,Candy River,382
Foliage Haven,Light Hill,Zen Garden,383
Tavern,Dream Land,Bastion Garden,384
Monke Outpost,Light Hill,Tropical Fall,385
Candyland Lane,Desert,Crystal North Pole,386
Crimson Boulevard,Desert,Groovy Waterfall,387
Batwing Keep,Dark hill,Bastion Garden,388
Athena's Grove,Dream Land,Monke Rover,389
Candyland Lane,Desert,Monke Rover,390
Crimson Boulevard,Dream Land,Athena's Fountain,391
Crimson Boulevard,Light Hill,Cemetery,392
Creative Quarters,Frosty Land,Bastion Garden,393
Haunting Jungle Haven,Dark Grass,Ice Pool,394
Banana Bastions,Frosty Land,Desert Las Bananas,395
Haunting Jungle Haven,Dark Grass,Las Bananas,396
Batwing Keep,Light Hill,Mystic Bridge,397
Frostglow Avenue,Frosty Land,Ice Pool,398
Banana Breeze Pavilion,Dream Land,Mystic Bridge,399
Monke Outpost,Dream Land,Zen Garden,400
Batwing Keep,Dark hill,Zen Garden,401
Foliage Haven,Dark hill,Cemetery,402
Blue Crimson Boulevard,Light Hill,Angel Statue,403
Batwing Keep,Desert,Athena's Fountain,404
Mystic Mirage Cottage,Dream Land,Candy River,405
Haunting Jungle Haven,Dark hill,Crystal North Pole,406
Monke Outpost,Desert,Mystic Bridge,407
Haunting Jungle Haven,Light Grass,Desert Las Bananas,408
Tavern,Light Hill,Angel Statue,409
Banana Bastions,Dark Grass,Monke Rover,410
Tavern,Desert,Ice Pool,411
Banana Bastions,Dark hill,Mystic Bridge,412
Batwing Keep,Light Grass,Las Bananas,413
Batwing Keep,Dream Land,Athena's Fountain,414
Tavern,Frosty Land,Ice Pool,415
Mystic Mirage Cottage,Dark hill,Crystal North Pole,416
Foliage Haven,Light Hill,Las Bananas,417
Banana Bastions,Desert,Ice Pool,418
Mystic Mirage Cottage,Dark Grass,Ice Pool,419
Monke Outpost,Light Grass,Cemetery,420
Athena's Grove,Dark hill,Mystic Bridge,421
Batwing Keep,Dark hill,Ice Pool,422
Banana Bastions,Dark Grass,Ice Pool,423
Banana Breeze Pavilion,Dark Grass,Desert Las Bananas,424
Monke Outpost,Frosty Land,Monke Rover,425
Blue Crimson Boulevard,Desert,Groovy Waterfall,426
Mystic Mirage Cottage,Dark Grass,Angel Statue,427
Haunting Jungle Haven,Desert,Las Bananas,428
Candyland Lane,Dream Land,Monke Rover,429
Tavern,Dark hill,Tropical Fall,430
Frostglow Avenue,Light Grass,Bastion Garden,431
Monke Outpost,Light Grass,Mystic Bridge,432
Tavern,Light Grass,Athena's Fountain,433
Athena's Grove,Dark Grass,Crystal North Pole,434
Athena's Grove,Dream Land,Zen Garden,435
Banana Breeze Pavilion,Desert,Zen Garden,436
Candyland Lane,Light Grass,Desert Las Bananas,437
Creative Quarters,Dark hill,Bastion Garden,438
Foliage Haven,Frosty Land,Monke Rover,439
Creative Quarters,Dream Land,Mystic Bridge,440
Candyland Lane,Dark hill,Ice Pool,441
Haunting Jungle Haven,Light Grass,Cemetery,442
Tavern,Frosty Land,Candy River,443
Banana Bastions,Light Grass,Las Bananas,444
Banana Breeze Pavilion,Dream Land,Crystal North Pole,445
Frostglow Avenue,Desert,Bastion Garden,446
Creative Quarters,Frosty Land,Tropical Fall,447
Blue Crimson Boulevard,Frosty Land,Las Bananas,448
Monke Outpost,Desert,Zen Garden,449
Candyland Lane,Dark hill,Athena's Fountain,450
Monke Outpost,Light Hill,Athena's Fountain,451
Creative Quarters,Light Hill,Tropical Fall,452
Batwing Keep,Dream Land,Las Bananas,453
Athena's Grove,Light Hill,Cemetery,454
Mystic Mirage Cottage,Dark Grass,Mystic Bridge,455
Banana Bastions,Desert,Monke Rover,456
Creative Quarters,Frosty Land,Cemetery,457
Banana Breeze Pavilion,Dark Grass,Groovy Waterfall,458
Banana Breeze Pavilion,Light Grass,Monke Rover,459
Mystic Mirage Cottage,Light Hill,Bastion Garden,460
Foliage Haven,Light Grass,Bastion Garden,461
Mystic Mirage Cottage,Light Grass,Monke Rover,462
Candyland Lane,Dark hill,Monke Rover,463
Blue Crimson Boulevard,Light Grass,Ice Pool,464
Athena's Grove,Light Grass,Tropical Fall,465
Frostglow Avenue,Light Grass,Tropical Fall,466
Candyland Lane,Dark Grass,Mystic Bridge,467
Candyland Lane,Desert,Zen Garden,468
Mystic Mirage Cottage,Light Hill,Angel Statue,469
Crimson Boulevard,Desert,Cemetery,470
Banana Bastions,Dark Grass,Tropical Fall,471
Tavern,Dream Land,Mystic Bridge,472
Candyland Lane,Dark hill,Bastion Garden,473
Monke Outpost,Frosty Land,Tropical Fall,474
Crimson Boulevard,Light Hill,Crystal North Pole,475
Batwing Keep,Dark Grass,Angel Statue,476
Mystic Mirage Cottage,Light Grass,Zen Garden,477
Banana Bastions,Dark hill,Cemetery,478
Blue Crimson Boulevard,Dark Grass,Ice Pool,479
Candyland Lane,Light Hill,Tropical Fall,480
Haunting Jungle Haven,Desert,Desert Las Bananas,481
Foliage Haven,Dark hill,Monke Rover,482
Frostglow Avenue,Dark hill,Zen Garden,483
Batwing Keep,Dark hill,Tropical Fall,484
Banana Breeze Pavilion,Dream Land,Las Bananas,485
Crimson Boulevard,Light Grass,Cemetery,486
Candyland Lane,Light Grass,Bastion Garden,487
Batwing Keep,Dark Grass,Crystal North Pole,488
Haunting Jungle Haven,Dream Land,Desert Las Bananas,489
Candyland Lane,Frosty Land,Bastion Garden,490
Athena's Grove,Light Grass,Mystic Bridge,491
Athena's Grove,Light Grass,Angel Statue,492
Tavern,Light Grass,Angel Statue,493
Athena's Grove,Frosty Land,Las Bananas,494
Mystic Mirage Cottage,Light Grass,Athena's Fountain,495
Batwing Keep,Light Grass,Monke Rover,496
Banana Bastions,Light Hill,Tropical Fall,497
Athena's Grove,Dark hill,Cemetery,498
Foliage Haven,Frosty Land,Groovy Waterfall,499
